USE flowershop;
INSERT INTO products VALUES(1, 'FLOWER', 'sunflower', 3.99, 40);
INSERT INTO flowers VALUES(1, 'yellow');
INSERT INTO products VALUES(2, 'FLOWER', 'rose', 3.50, 75);
INSERT INTO flowers VALUES(2, 'blue');
INSERT INTO products VALUES(3, 'FLOWER', 'rose', 3.50, 130);
INSERT INTO flowers VALUES(3, 'red');
INSERT INTO products VALUES(4, 'FLOWER', 'tulip', 2.80, 46);
INSERT INTO flowers VALUES(4, 'pink');
INSERT INTO products VALUES(5, 'FLOWER', 'orchid', 1.75, 70);
INSERT INTO flowers VALUES(5, 'pink');
INSERT INTO products VALUES(6, 'FLOWER', 'lavender', 2.75, 90);
INSERT INTO flowers VALUES(6, 'purple');
INSERT INTO products VALUES(7, 'TREE', 'pine', 30.99, 5);
INSERT INTO trees VALUES(7, 2.30);
INSERT INTO products VALUES(8, 'TREE', 'yucca', 25.00, 8);
INSERT INTO trees VALUES(8, 0.60);
INSERT INTO products VALUES(9, 'TREE', 'lemon tree', 45.99, 5);
INSERT INTO trees VALUES(9, 4.20);
INSERT INTO products VALUES(10, 'TREE', 'christmas tree', 49.99, 5);
INSERT INTO trees VALUES(10, 1.40);
INSERT INTO products VALUES(11, 'TREE', 'money tree', 24.94, 8);
INSERT INTO trees VALUES(11, 1.20);
INSERT INTO products VALUES(12, 'DECORATION', 'floral', 14.75, 14);
INSERT INTO decorations VALUES(12, 'WOOD');
INSERT INTO products VALUES(13, 'DECORATION', 'small vase', 15.99, 12);
INSERT INTO decorations VALUES(13, 'WOOD');
INSERT INTO products VALUES(14, 'DECORATION', 'small vase', 12.99, 2);
INSERT INTO decorations VALUES(14, 'PLASTIC');
INSERT INTO products VALUES(15, 'DECORATION', 'medium vase', 15.99, 10);
INSERT INTO decorations VALUES(15, 'PLASTIC');
INSERT INTO products VALUES(16, 'DECORATION', 'large vase', 19.99, 8);
INSERT INTO decorations VALUES(16, 'PLASTIC');
INSERT INTO tickets (`id`, `total`) VALUES ('1', '45.99');
INSERT INTO tickets_has_products (`idticket`, `idproduct`, `quantity`) VALUES ('1', '1', '1');
INSERT INTO tickets (`id`, `total`) VALUES ('2', '10.99');
INSERT INTO tickets_has_products (`idticket`, `idproduct`, `quantity`) VALUES ('2', '1', '1');
INSERT INTO tickets_has_products (`idticket`, `idproduct`, `quantity`) VALUES ('2', '2', '2');
INSERT INTO tickets (`id`, `total`) VALUES ('3', '14.00');
INSERT INTO tickets_has_products (`idticket`, `idproduct`, `quantity`) VALUES ('3', '2', '3');
INSERT INTO tickets_has_products (`idticket`, `idproduct`, `quantity`) VALUES ('3', '3', '1');